"date","time","wind_speed","humidity","temperature"
2023-01-01,"00:00",2.87577520124614,NA,29.646434946917
2023-01-01,"01:00",7.88305135443807,94.3692377302796,27.1942140394822
2023-01-01,"02:00",4.089769218117,74.454574927222,19.4874426722527
2023-01-01,"03:00",8.83017404004931,85.904590447899,NA
2023-01-01,"04:00",NA,74.3352786288597,31.0552204959095
2023-01-01,"05:00",0.455564993899316,99.4354430469684,21.2481722515076
2023-01-01,"06:00",5.28105488047004,53.2375564798713,19.5450239256024
2023-01-01,"07:00",8.92419044394046,57.8831388964318,28.1519040791318
2023-01-01,"08:00",5.51435014465824,89.2674309201539,29.7146231262013
2023-01-01,"09:00",4.56614735303447,77.1094144904055,24.3018850916997
2023-01-01,"10:00",9.56833345349878,70.8273672615178,32.2721065860242
2023-01-01,"11:00",NA,99.9441324500367,28.5000116657466
2023-01-01,"12:00",6.77570635452867,62.7836558502167,18.2293577771634
2023-01-01,"13:00",5.72633401956409,75.3937835572287,15.2418061345816
2023-01-01,"14:00",NA,53.9485588786192,32.3213605489582
2023-01-01,"15:00",8.99824970401824,90.6834182213061,17.0142557565123
2023-01-01,"16:00",NA,69.1089580068365,21.2446448905393
2023-01-01,"17:00",0.420595335308462,90.1091353967786,NA
2023-01-01,"18:00",3.27920719282702,59.8961818381213,27.3151212837547
2023-01-01,"19:00",NA,97.3199885105714,21.7844811361283
2023-01-01,"20:00",NA,67.2836237121373,26.5995620563626
2023-01-01,"21:00",6.928034061566,76.1025123647414,31.5934960544109
2023-01-01,"22:00",6.40506813768297,55.5844003218226,21.6923629119992
2023-01-01,"23:00",9.94269776623696,94.2987425602041,22.6403799233958
2023-01-01,"00:00",NA,97.712748660706,27.1137986937538
2023-01-01,"01:00",NA,52.0190381561406,24.9147178418934
2023-01-01,"02:00",5.44066024711356,74.680809432175,17.185357674025
2023-01-01,"03:00",5.9414202044718,61.3031852408312,31.9185659987852
2023-01-01,"04:00",2.8915973729454,92.9400169639848,23.9171307021752
2023-01-01,"05:00",1.47113647311926,76.5467866905965,30.007518096827
2023-01-01,"06:00",9.63024232536554,50.231907540001,30.9107723925263
2023-01-01,"07:00",9.02299045119435,63.8780040084384,NA
2023-01-01,"08:00",6.90705278422683,66.2601571530104,NA
2023-01-01,"09:00",7.95467417687178,79.4353138306178,29.868296533823
2023-01-01,"10:00",0.246136845089495,62.4842350371182,16.3677035737783
2023-01-01,"11:00",NA,52.155864040833,NA
2023-01-01,"12:00",7.58459537522867,55.5339393788017,17.4526082770899
2023-01-01,"13:00",2.16407935833558,85.1876906002872,28.5153999831527
2023-01-01,"14:00",3.18181007634848,96.9510619412176,16.1204013554379
2023-01-01,"15:00",2.31625785352662,65.5584509018809,30.9601877164096
2023-01-02,"16:00",1.42800022382289,53.9246465079486,28.2520992914215
2023-01-02,"17:00",NA,66.0872045671567,19.8848279332742
2023-01-02,"18:00",4.13724326295778,81.245276844129,18.2074487442151
2023-01-02,"19:00",3.68845450924709,72.0120924757794,16.1599980061874
2023-01-02,"20:00",1.52444747742265,90.0672650313936,15.3042238764465
2023-01-02,"21:00",1.3880606344901,63.9641902525909,31.667095432058
2023-01-02,"22:00",2.33034099452198,78.5356596694328,20.237544355914
2023-01-02,"23:00",4.65962450252846,52.1064006024972,16.1082965228707
2023-01-02,"00:00",2.65972640365362,59.5358727732673,21.960668656975
2023-01-02,"01:00",8.57827715342864,86.3543235347606,26.6043681791052
2023-01-02,"02:00",0.458311666734517,91.3345025153831,31.084365514107
2023-01-02,"03:00",4.42200074205175,75.5360537674278,21.8053145287558
2023-01-02,"04:00",7.98924845643342,78.386308287736,17.6970066176727
2023-01-02,"05:00",NA,NA,30.4722584038973
2023-01-02,"06:00",5.60947983758524,57.1889051585458,NA
2023-01-02,"07:00",NA,93.2983541511931,34.7593607008457
2023-01-02,"08:00",1.27531650243327,54.1280530276708,28.0963717028499
2023-01-02,"09:00",7.53307864302769,62.2285341029055,20.080546066165
2023-01-02,"10:00",8.95045359153301,99.077157874126,27.829111199826
2023-01-02,"11:00",3.74462775886059,78.879063972272,24.0122476126999
2023-01-02,"12:00",6.65115194628015,62.436318222899,18.9392239414155
2023-01-02,"13:00",0.948406609240919,80.7476976886392,27.1237497078255
2023-01-02,"14:00",3.83969637798145,51.5878660371527,34.4925949955359
2023-01-02,"15:00",2.7438364457339,57.3211772134528,18.9834876265377
2023-01-02,"16:00",8.14640038879588,85.1536486996338,NA
2023-01-02,"17:00",4.48516341391951,53.2780354260467,21.7907746927813
2023-01-02,"18:00",8.10064353048801,81.0903531149961,15.6801648484543
2023-01-02,"19:00",8.12389509519562,96.8663682695478,16.9839712651446
2023-01-02,"20:00",7.94342321110889,54.3947307392955,23.3846566546708
2023-01-02,"21:00",NA,98.6401754664257,15.9467667993158
2023-01-02,"22:00",7.54475158639252,51.300535525661,15.5305855395272
2023-01-02,"23:00",6.29221131559461,86.261397600174,18.470240929164
2023-01-02,"00:00",7.10182401351631,72.6853195810691,22.5617306865752
2023-01-02,"01:00",0.00624773325398564,78.3091202494688,26.7664556857198
2023-01-02,"02:00",4.75316574098542,93.636552314274,21.7285934044048
2023-01-02,"03:00",2.20118885161355,77.728158980608,24.8909657355398
2023-01-02,"04:00",3.79816537722945,86.8826103629544,30.0465334951878
2023-01-02,"05:00",6.12771003274247,81.156458100304,18.3812422398478
2023-01-02,"06:00",3.51797909243032,65.5514202895574,NA
2023-01-02,"07:00",1.11135424347594,69.6098242304288,21.4060571277514
2023-01-03,"08:00",2.43619472719729,60.1043727714568,19.6777443261817
2023-01-03,"09:00",6.6805558744818,92.6390194799751,21.1998713156208
2023-01-03,"10:00",NA,80.3415075410157,30.798199265264
2023-01-03,"11:00",7.88195834029466,87.8049006918445,20.090154982172
2023-01-03,"12:00",1.02864644257352,78.1258404371329,33.4564705146477
2023-01-03,"13:00",4.34892741497606,63.7949506402947,17.9670699499547
2023-01-03,"14:00",9.84956979984418,86.7779201827943,19.3295561289415
2023-01-03,"15:00",8.93051114398986,77.4639896932058,27.5218362361193
2023-01-03,"16:00",8.86469060787931,67.3063521971926,20.1414034655318
2023-01-03,"17:00",1.75052650272846,75.7482817396522,29.1434749541804
2023-01-03,"18:00",1.30695691565052,90.7883973792195,29.8481043661013
2023-01-03,"19:00",6.53101925039664,76.3136284658685,20.2471278700978
2023-01-03,"20:00",3.43516472261399,60.1520024938509,26.452396158129
2023-01-03,"21:00",6.56758127966896,92.4053840222768,33.3129725558683
2023-01-03,"22:00",3.20373242488131,68.5247107525356,29.1684010066092
2023-01-03,"23:00",NA,65.1662585441954,31.8871014146134
2023-01-03,"00:00",7.82294301316142,88.5298523469828,33.3988482831046
2023-01-03,"01:00",0.935949867125601,86.6724277497269,20.8926934888586
2023-01-03,"02:00",4.6677904156968,91.9452999136411,NA
2023-01-03,"03:00",5.11505459900945,78.4524421207607,17.8353238059208
2023-01-03,"04:00",5.9998895926401,51.314041914884,32.0706336386502
2023-01-03,"05:00",3.32823540316895,74.3063614121638,NA
2023-01-03,"06:00",4.88613033667207,77.1340516395867,29.6665335865691
2023-01-03,"07:00",9.54473827499896,91.8330058455467,21.2948069861159
2023-01-03,"08:00",4.829023971688,86.4332269062288,28.3543588034809
2023-01-03,"09:00",8.90350222121924,77.7556903427467,24.2777342302725
2023-01-03,"10:00",NA,NA,28.0056586256251
2023-01-03,"11:00",6.08734982321039,56.8251149612479,30.7155041629449
2023-01-03,"12:00",4.10689776530489,84.230434813071,33.0340840155259
2023-01-03,"13:00",1.47094690939412,54.9810968106613,25.54815096315
2023-01-03,"14:00",9.35299803270027,60.1892952574417,18.162180967629
2023-01-03,"15:00",3.01228899974376,68.2990069151856,20.3923750622198
2023-01-03,"16:00",0.607205715496093,92.309787881095,17.6908042887226
2023-01-03,"17:00",9.47726940037683,NA,19.7511511063203
2023-01-03,"18:00",7.20596273429692,85.2438925299793,29.4611324416474
2023-01-03,"19:00",1.42294295597821,55.3804415394552,27.5425086449832
2023-01-03,"20:00",5.49284656066447,88.9534434303641,24.0472898539156
2023-01-03,"21:00",NA,62.7552841673605,27.6861394708976
2023-01-03,"22:00",5.85483353119344,77.4021663004532,25.5899375909939
2023-01-03,"23:00",4.04510281747207,51.6950760385953,21.6021277150139
2023-01-04,"00:00",NA,90.3054738068022,30.4147472139448
2023-01-04,"01:00",3.19820617092773,66.8876403593458,27.6997833745554
2023-01-04,"02:00",3.07720010867342,NA,30.4872736800462
2023-01-04,"03:00",2.19767631264403,67.8553208941594,NA
2023-01-04,"04:00",3.69488865835592,98.7682506558485,NA
2023-01-04,"05:00",9.84219203470275,69.2189261317253,34.2543173162267
2023-01-04,"06:00",1.54202300822362,74.4336767587811,22.5462723849341
2023-01-04,"07:00",0.910439998842776,74.5388115639798,16.551098995842
2023-01-04,"08:00",1.41906907781959,50.6127312080935,25.5867021810263
2023-01-04,"09:00",6.90007101511583,82.0736600318924,33.9944798732176
2023-01-04,"10:00",6.19256483390927,NA,32.1222610818222
2023-01-04,"11:00",NA,66.0176059114747,NA
2023-01-04,"12:00",6.72999092610553,NA,28.2990708341822
2023-01-04,"13:00",7.37077737925574,80.8672204148024,25.0089627318084
2023-01-04,"14:00",5.21135725779459,71.9137268839404,33.4814432170242
2023-01-04,"15:00",6.5983844967559,58.5184490308166,16.8385590706021
2023-01-04,"16:00",8.21805460145697,85.7540248311125,24.9390671495348
2023-01-04,"17:00",7.86281551700085,87.3893274343573,30.6444818805903
2023-01-04,"18:00",9.79821917368099,NA,32.3969374829903
2023-01-04,"19:00",4.39431536244228,76.7379523487762,33.0310465861112
2023-01-04,"20:00",3.1170220207423,65.1117630768567,31.2276497576386
2023-01-04,"21:00",4.09474952612072,72.8259091032669,18.0745925474912
2023-01-04,"22:00",0.104671118315309,69.2171267233789,29.5951745565981
2023-01-04,"23:00",1.8384952400811,62.4523427337408,30.1900586625561
2023-01-04,"00:00",8.42729318886995,82.7313372399658,28.2163897482678
2023-01-04,"01:00",2.31161782052368,97.7661850862205,33.1607017247006
2023-01-04,"02:00",2.39099955651909,64.5541478646919,22.7956773294136
2023-01-04,"03:00",0.766911653336138,NA,34.1395668964833
2023-01-04,"04:00",2.45723678031936,76.8179965438321,24.131727386266
2023-01-04,"05:00",7.3213520552963,79.8725933302194,18.9001718908548
2023-01-04,"06:00",8.47453165100887,NA,26.8143846606836
2023-01-04,"07:00",4.97527267085388,50.2420869772322,NA
2023-01-04,"08:00",3.87909029843286,56.5689127193764,25.389921576716
2023-01-04,"09:00",2.46448994148523,51.2408551876433,23.2567938184366
2023-01-04,"10:00",NA,54.6064725960605,31.544339004904
2023-01-04,"11:00",3.89994435245171,73.7779112067074,26.2619176041335
2023-01-04,"12:00",5.71935313986614,59.8328380612656,24.1295096371323
2023-01-04,"13:00",2.16892762808129,NA,18.846972505562
2023-01-04,"14:00",4.4476800202392,NA,24.4389366963878
2023-01-04,"15:00",2.1799066872336,74.4403818971477,19.6500048879534
2023-01-05,"16:00",5.02299563260749,82.4441239819862,21.2815942149609
2023-01-05,"17:00",3.53904571849853,NA,NA
2023-01-05,"18:00",NA,NA,23.8997461413965
2023-01-05,"19:00",3.74713956611231,71.8298264895566,NA
2023-01-05,"20:00",3.55445380788296,61.6747762542218,NA
2023-01-05,"21:00",5.33687945455313,64.9427996017039,31.6680342471227
2023-01-05,"22:00",7.40334360394627,57.9710668418556,15.2068221569061
2023-01-05,"23:00",2.21102937823161,79.2783552082255,21.1825894890353
2023-01-05,"00:00",4.1274611861445,57.438898854889,16.7230594297871
2023-01-05,"01:00",2.65686686849222,58.9529779856093,31.46014186088
2023-01-05,"02:00",NA,66.961075249128,24.4221442751586
2023-01-05,"03:00",NA,59.1950969421305,25.6467185122892
2023-01-05,"04:00",NA,70.2770761097781,22.9079085821286
2023-01-05,"05:00",7.46568004135042,80.6779809179716,24.0887433895841
2023-01-05,"06:00",6.68284649727866,84.2835667193867,17.2980189416558
2023-01-05,"07:00",6.18017873261124,91.1762800067663,15.6218168558553
2023-01-05,"08:00",3.72238060226664,68.6991056893021,15.4642175743356
2023-01-05,"09:00",5.29835685854778,NA,16.5503869066015
2023-01-05,"10:00",8.74682342866436,50.9416079497896,22.2306219069287
2023-01-05,"11:00",NA,80.6187486159615,30.2281745010987
2023-01-05,"12:00",NA,73.1786881922744,29.8656328348443
2023-01-05,"13:00",3.12448164913803,67.7364810253493,16.9538440695032
2023-01-05,"14:00",7.0829032221809,94.1211514407769,34.238108349964
2023-01-05,"15:00",2.65017806086689,53.7901429226622,NA
2023-01-05,"16:00",5.94343194039539,94.164559582714,24.6932348236442
2023-01-05,"17:00",4.81289800489321,NA,26.2982198037207
2023-01-05,"18:00",NA,60.7533373404294,33.6461118096486
2023-01-05,"19:00",5.64590434776619,93.4766145772301,31.4004954136908
2023-01-05,"20:00",9.13188223028556,53.0419028131291,25.6616607913747
2023-01-05,"21:00",9.01874389499426,61.7449800367467,22.6893796073273
2023-01-05,"22:00",2.74166621500626,99.6507756412029,25.9197662444785
2023-01-05,"23:00",3.21482756407931,83.9098863885738,30.9345586970448
2023-01-05,"00:00",9.85640884377062,71.7743400251493,27.5468672439456
2023-01-05,"01:00",6.19993310188875,68.865497095976,17.0791400130838
2023-01-05,"02:00",9.37314089154825,73.0592012172565,18.8398501928896
2023-01-05,"03:00",4.66532702324912,90.0925935828127,31.8422086723149
2023-01-05,"04:00",NA,83.1483487621881,24.5875322492793
2023-01-05,"05:00",6.59230324206874,73.300183203537,30.5452117603272
2023-01-05,"06:00",1.52346616843715,52.6629718253389,NA
2023-01-05,"07:00",5.72867058217525,61.859895917587,20.9386787982658
2023-01-06,"08:00",2.38726026844233,61.6619868786074,19.534198786132
2023-01-06,"09:00",NA,61.5326800383627,27.4071578634903
2023-01-06,"10:00",6.01365725975484,NA,22.4775114562362
2023-01-06,"11:00",5.15029727248475,74.8559304629453,32.7194483624771
2023-01-06,"12:00",4.02573342202231,62.2062544338405,17.5106321554631
2023-01-06,"13:00",8.80246541230008,87.9092769464478,18.159931814298
2023-01-06,"14:00",NA,77.3651338764466,27.7692505158484
2023-01-06,"15:00",2.88239280693233,97.4033448146656,18.7226112373173
2023-01-06,"16:00",1.70645235106349,NA,NA
2023-01-06,"17:00",NA,97.3941292497329,25.240517091006
2023-01-06,"18:00",4.8204260552302,86.1199434031732,29.832396809943
2023-01-06,"19:00",2.52964928513393,96.1002302356064,NA
2023-01-06,"20:00",2.1625478961505,80.6920471834019,17.2253689914942
2023-01-06,"21:00",6.74376388080418,58.0483250669204,23.0457924865186
2023-01-06,"22:00",0.476636274252087,59.147034608759,25.8539748052135
2023-01-06,"23:00",7.00853087473661,86.5091781015508,29.8052257439122
2023-01-06,"00:00",3.51888638455421,79.4762825244106,NA
2023-01-06,"01:00",4.08943997928873,65.6241181306541,26.7297085374594
2023-01-06,"02:00",8.20951323956251,88.6397199472412,24.9969308450818
2023-01-06,"03:00",9.18857348151505,66.8149101082236,33.727171337232
2023-01-06,"04:00",2.82528330106288,92.7838345523924,NA
2023-01-06,"05:00",9.61104793706909,79.0264246752486,NA
2023-01-06,"06:00",7.28394428268075,70.7861325703561,21.1459501041099
2023-01-06,"07:00",6.86375082004815,96.6286392649636,28.9658833667636
2023-01-06,"08:00",0.528439427725971,73.134942073375,30.2643048251048
2023-01-06,"09:00",3.95220134640113,54.967316496186,25.1973930932581
2023-01-06,"10:00",4.77845379849896,73.2724681613036,19.5345434406772
2023-01-06,"11:00",5.6025326368399,99.2041928810067,18.3172284811735
2023-01-06,"12:00",6.98261594865471,96.2636432959698,21.3227430125698
2023-01-06,"13:00",9.15683538420126,NA,NA
2023-01-06,"14:00",6.18351227371022,93.4860357898287,28.3913682680577
2023-01-06,"15:00",NA,65.0177085888572,29.9255434656516
2023-01-06,"16:00",5.4208036721684,89.8986315587536,19.9706672504544
2023-01-06,"17:00",0.58478488586843,90.0255355983973,24.3390644434839
2023-01-06,"18:00",2.60856857057661,69.3462848081253,15.8857465349138
2023-01-06,"19:00",3.97151953307912,69.079484755639,16.965318005532
2023-01-06,"20:00",1.97744736680761,82.2757807094604,32.9418904846534
2023-01-06,"21:00",8.3192756283097,93.0833727121353,NA
2023-01-06,"22:00",1.52887222822756,82.8316335449927,27.8142000036314
2023-01-06,"23:00",8.03418542025611,75.8163036778569,NA
2023-01-07,"00:00",5.46826156554744,57.439079170581,20.5946290586144
2023-01-07,"01:00",NA,80.6382951443084,33.8990049203858
2023-01-07,"02:00",1.71698493883014,52.098340948578,15.4614344891161
2023-01-07,"03:00",6.33055359823629,NA,18.5462545230985
2023-01-07,"04:00",3.11869746772572,86.975411081221,34.4285625452176
2023-01-07,"05:00",7.24554346408695,NA,30.9947551274672
2023-01-07,"06:00",3.98939824663103,53.1546870595776,34.993020282127
2023-01-07,"07:00",9.69356411136687,72.1240966697223,20.2148690540344
2023-01-07,"08:00",9.67398370616138,75.0335849588737,26.6436531674117
2023-01-07,"09:00",NA,63.5121550178155,NA
2023-01-07,"10:00",NA,79.9401074531488,31.0456740064546
2023-01-07,"11:00",NA,86.7918813135475,32.6113073015586
2023-01-07,"12:00",5.93045651679859,85.6788905919529,32.7925907820463
2023-01-07,"13:00",2.67521432135254,55.824646842666,15.2265401370823
2023-01-07,"14:00",NA,78.756030916702,19.8280113236979
2023-01-07,"15:00",7.85291671287268,89.9065993609838,27.1453779516742
2023-01-07,"16:00",1.68060810538009,61.5911898319609,22.2544112987816
2023-01-07,"17:00",4.04399181017652,86.2427912768908,NA
2023-01-07,"18:00",4.71576277632266,91.9011598918587,15.8414592128247
2023-01-07,"19:00",NA,55.9419285389595,28.1434206152335
2023-01-07,"20:00",9.257079558447,97.9475198313594,19.6137888403609
2023-01-07,"21:00",8.8197755930014,87.3882292187773,20.4595474526286
2023-01-07,"22:00",6.74186842516065,90.5444739386439,29.6632755547762
2023-01-07,"23:00",9.50166979338974,59.495886170771,18.5651240171865
2023-01-07,"00:00",5.16444894252345,51.2984388740733,22.7126853726804
2023-01-07,"01:00",5.76519021298736,93.1891146115959,28.687091213651
2023-01-07,"02:00",3.36331205908209,95.9589932695962,23.3038209518418
2023-01-07,"03:00",3.4732463140972,NA,25.8432367770001
2023-01-07,"04:00",0.200243005529046,73.8824310945347,NA
2023-01-07,"05:00",NA,NA,17.5412887660787
2023-01-07,"06:00",8.71043413644657,85.0089305546135,15.6236849213019
2023-01-07,"07:00",0.0630078394897282,NA,18.3130640769377
2023-01-07,"08:00",0.720571239944547,86.6519996663556,30.9776142332703
2023-01-07,"09:00",1.64211224997416,69.7965795174241,17.8477607481182
2023-01-07,"10:00",7.70334074273705,73.0743922409602,NA
2023-01-07,"11:00",7.35184305813164,86.2649681628682,15.5714801512659
2023-01-07,"12:00",9.71875635674223,73.5001323511824,23.3478380646557
2023-01-07,"13:00",4.66472376836464,99.976198875811,32.080560750328
2023-01-07,"14:00",0.743845133110881,92.296789586544,21.6097788093612
2023-01-07,"15:00",6.48818124318495,91.4103651884943,23.8887303136289
2023-01-08,"16:00",NA,88.0822172155604,23.2696647197008
2023-01-08,"17:00",1.37106081005186,55.6053245905787,22.0350156817585
2023-01-08,"18:00",3.96584594622254,91.9488509651273,33.5570055898279
2023-01-08,"19:00",2.24985329201445,90.6925262068398,33.6010911269113
2023-01-08,"20:00",0.579585605300963,99.5706097106449,20.6052631977946
2023-01-08,"21:00",NA,52.4157262407243,29.5861989911646
2023-01-08,"22:00",NA,87.3393956222571,19.3356979917735
2023-01-08,"23:00",2.25886432919651,70.9656760795042,33.8049555476755
2023-01-08,"00:00",0.5462910910137,79.1071948595345,16.2859794637188
2023-01-08,"01:00",6.70282039558515,91.5367031120695,34.7733782790601
2023-01-08,"02:00",2.97741782618687,NA,19.2041696049273
2023-01-08,"03:00",1.00721582304686,NA,21.3706486625597
2023-01-08,"04:00",0.719040972180665,99.8222853639163,17.4353977292776
2023-01-08,"05:00",8.80440568784252,88.284483354073,26.6842849226668
2023-01-08,"06:00",7.54247402073815,65.7331305323169,NA
2023-01-08,"07:00",8.16605887608603,90.6005872180685,34.9233005521819
2023-01-08,"08:00",9.82140373671427,99.5609608711675,18.8813513377681
2023-01-08,"09:00",1.03599644964561,60.0379796465859,31.3299343828112
2023-01-08,"10:00",0.990418293513358,NA,NA
2023-01-08,"11:00",7.98831611173227,71.8775364453904,34.7121421713382
2023-01-08,"12:00",7.84575266530737,96.9014130765572,23.8358393032104
2023-01-08,"13:00",NA,99.400165269617,NA
2023-01-08,"14:00",7.79065882787108,72.8159780497663,16.516972463578
2023-01-08,"15:00",7.29390651918948,61.5307471598499,27.6068550394848
2023-01-08,"16:00",6.30131852813065,84.7744634258561,19.2917290283367
2023-01-08,"17:00",4.80910829966888,77.8316172305495,33.3825510367751
2023-01-08,"18:00",1.5663685137406,79.2355044744909,31.2390400655568
2023-01-08,"19:00",0.0821551983244717,71.681562345475,32.1223185397685
2023-01-08,"20:00",4.52458394225687,71.3087526382878,31.335144918412
2023-01-08,"21:00",4.92293328745291,79.8427197732963,23.3420338062569
2023-01-08,"22:00",3.89587111538276,72.6042792433873,34.5509820757434
2023-01-08,"23:00",NA,97.8304329328239,24.9872731976211
2023-01-08,"00:00",7.13279000716284,92.2215175000019,24.9714332912117
2023-01-08,"01:00",0.553019263315946,61.1384301329963,21.8694450426847
2023-01-08,"02:00",3.54783097514883,NA,16.3469878816977
2023-01-08,"03:00",8.02812272915617,70.9991467767395,33.1473067775369
2023-01-08,"04:00",8.35708837024868,NA,19.4223947124556
2023-01-08,"05:00",NA,69.0223984769545,20.9532778616995
2023-01-08,"06:00",3.53986102622002,71.1174213793129,28.1708492524922
2023-01-08,"07:00",8.56885420158505,59.5713031711057,26.3323981920257
2023-01-09,"08:00",NA,85.2664640871808,34.4258478004485
2023-01-09,"09:00",2.95895455405116,50.6760237622075,17.0986446645111
2023-01-09,"10:00",1.47048324579373,86.5601552883163,25.8759785164148
2023-01-09,"11:00",7.03992061316967,71.6362048988231,33.3074426976964
2023-01-09,"12:00",NA,86.5620046504773,32.4587480723858
2023-01-09,"13:00",0.337277729995549,50.6970776244998,33.0907781841233
2023-01-09,"14:00",NA,52.2656654240564,NA
2023-01-09,"15:00",NA,70.9207188221626,18.3434214023873
2023-01-09,"16:00",3.38391283759847,82.1920001064427,17.4276981828734
2023-01-09,"17:00",9.1506376164034,60.9896892798133,17.3658826109022
2023-01-09,"18:00",6.17235269630328,91.6721326415427,23.6413518246263
2023-01-09,"19:00",2.86285348702222,84.7383656771854,30.5477393371984
2023-01-09,"20:00",7.37797403009608,NA,NA
2023-01-09,"21:00",8.34054309176281,70.7120142644271,23.5293256025761
2023-01-09,"22:00",3.14270780421793,70.5502351629548,31.1902221245691
2023-01-09,"23:00",4.92566547822207,62.5007494702004,24.36750207562
2023-01-09,"00:00",6.97373766219243,68.6883519520052,NA
2023-01-09,"01:00",NA,61.5946366335265,30.1745176827535
2023-01-09,"02:00",6.43922914983705,96.5801582322456,28.6671923054382
2023-01-09,"03:00",9.77853404823691,73.817237757612,31.9515922665596
2023-01-09,"04:00",4.14735334459692,52.3832501494326,21.231398191303
2023-01-09,"05:00",1.19404779979959,88.6765528004616,18.6553360521793
2023-01-09,"06:00",5.26029660133645,66.5558664710261,16.8704034015536
2023-01-09,"07:00",2.25073350826278,77.643823530525,15.2958918735385
2023-01-09,"08:00",4.86411764053628,83.8165264460258,33.0482660559937
2023-01-09,"09:00",3.70214798487723,63.8667185441591,30.9210583614185
2023-01-09,"10:00",9.83350180787966,52.642783918418,16.5554379718378
2023-01-09,"11:00",3.88319115154445,71.2879291852005,17.0348618086427
2023-01-09,"12:00",2.29244840331376,80.5059241014533,18.4778418298811
2023-01-09,"13:00",NA,98.8023017533123,25.5735604092479
2023-01-09,"14:00",1.36540197068825,98.4900060109794,29.7062802920118
2023-01-09,"15:00",9.67469494324178,54.4242278672755,17.3643733002245
2023-01-09,"16:00",5.15071807894856,74.9190018628724,17.0687878411263
2023-01-09,"17:00",1.63070329232141,69.7844683891162,26.0452692816034
2023-01-09,"18:00",6.21902295155451,69.5165964541957,NA
2023-01-09,"19:00",9.85954165225849,65.9249745425768,23.8088104920462
2023-01-09,"20:00",NA,84.1287527116947,17.3688860889524
2023-01-09,"21:00",4.18915896909311,64.2307453788817,33.4323721658438
2023-01-09,"22:00",3.23344993172213,69.504735711962,NA
2023-01-09,"23:00",8.35255319951102,99.5084280148149,24.2306092614308
2023-01-10,"00:00",1.43817043630406,89.6002865745686,28.4462885372341
2023-01-10,"01:00",NA,65.6202575773932,NA
2023-01-10,"02:00",8.96738682640716,90.8558865194209,28.2689082249999
2023-01-10,"03:00",3.08119554305449,61.045488610398,22.5013728626072
2023-01-10,"04:00",3.63300543511286,75.0536910141818,28.4184708353132
2023-01-10,"05:00",7.83946478739381,58.3486148156226,23.2544912584126
2023-01-10,"06:00",1.93378679919988,55.9829597244971,29.2264046845958
2023-01-10,"07:00",NA,94.8804983869195,NA
2023-01-10,"08:00",4.06607866287231,54.6857439330779,29.77408955805
2023-01-10,"09:00",NA,93.2529278332368,NA
2023-01-10,"10:00",4.21844950178638,63.8295731856488,NA
2023-01-10,"11:00",3.42808801680803,51.3641846366227,NA
2023-01-10,"12:00",NA,NA,23.8169854460284
2023-01-10,"13:00",4.55108050955459,67.9330149898306,NA
2023-01-10,"14:00",5.33764873631299,51.2551482883282,25.8954433584586
2023-01-10,"15:00",9.63843331905082,87.3046798980795,32.2639301186427
2023-01-10,"16:00",7.74591542081907,51.4812788576819,30.3134931251407
2023-01-10,"17:00",NA,71.6932415496558,16.3084381632507
2023-01-10,"18:00",NA,62.8313416498713,17.3503595171496
2023-01-10,"19:00",9.71342450240627,74.9007610487752,21.1957641458139
2023-01-10,"20:00",5.84900093497708,82.6677615288645,21.1735661420971
2023-01-10,"21:00",7.60823625372723,54.1828442830592,29.6467358944938
2023-01-10,"22:00",3.72709394432604,59.0236230869778,17.8298271773383
2023-01-10,"23:00",7.69193911226466,55.2231250796467,34.5514647522941
2023-01-10,"00:00",5.376771830488,90.6196491909213,32.0959803182632
2023-01-10,"01:00",NA,81.375122081954,26.6784746432677
2023-01-10,"02:00",1.85296441894025,81.5286242985167,32.9912850772962
2023-01-10,"03:00",NA,69.5444925106131,15.1868908619508
2023-01-10,"04:00",0.949624131899327,71.6126786894165,30.6911417236552
2023-01-10,"05:00",2.10487079108134,67.4317001132295,33.1560295540839
2023-01-10,"06:00",9.77098996285349,89.6778879337944,17.2155511984602
2023-01-10,"07:00",2.96302175382152,94.3468056037091,24.3164200661704
2023-01-10,"08:00",7.25983026903123,82.5563543359749,28.4869652148336
2023-01-10,"09:00",7.8568783425726,79.6431632130407,24.3090492160991
2023-01-10,"10:00",NA,66.3911046925932,32.5004108343273
2023-01-10,"11:00",2.395946290344,53.7844683974981,23.0217107245699
2023-01-10,"12:00",2.70544872386381,79.5693621039391,26.3337029144168
2023-01-10,"13:00",NA,58.9168381760828,NA
2023-01-10,"14:00",1.1791384126991,87.0675062062219,20.7131945900619
2023-01-10,"15:00",9.91236555855721,NA,32.8388970158994
2023-01-11,"16:00",9.86054297303781,81.9592905347236,17.7742668893188
2023-01-11,"17:00",1.37067471398041,56.2411198625341,26.143882824108
2023-01-11,"18:00",9.0530958166346,62.7632891875692,20.0585685251281
2023-01-11,"19:00",5.76301837572828,91.0287343664095,16.472123414278
2023-01-11,"20:00",3.95448859082535,90.1890196488239,30.2529725059867
2023-01-11,"21:00",4.49802484130487,52.2917315363884,27.1273755189031
2023-01-11,"22:00",NA,93.7765860930085,21.6598773049191
2023-01-11,"23:00",0.825027457904071,56.4004544983618,33.1932723755017
2023-01-11,"00:00",3.39312580181286,NA,26.8005439359695
2023-01-11,"01:00",6.80787551216781,73.4783436637372,33.9285145886242
2023-01-11,"02:00",3.16949248081073,77.8645542799495,33.0466107744724
2023-01-11,"03:00",NA,86.5196392289363,22.7393607748672
2023-01-11,"04:00",NA,73.4929344384,29.3696198984981
2023-01-11,"05:00",4.97948936186731,99.4305029511452,31.5469410968944
2023-01-11,"06:00",2.76049672625959,99.2334192269482,NA
2023-01-11,"07:00",1.92023318726569,69.6642340510152,NA
2023-01-11,"08:00",9.50621264055371,80.4423568770289,15.8883415348828
2023-01-11,"09:00",NA,67.2741865040734,34.7646773559973
2023-01-11,"10:00",NA,71.8556281062774,22.7895870758221
2023-01-11,"11:00",0.279925719369203,61.456598166842,NA
2023-01-11,"12:00",5.47459468012676,50.3036124049686,25.5188015382737
2023-01-11,"13:00",6.44240220542997,51.1938444105908,22.7380255050957
2023-01-11,"14:00",5.96263544633985,52.9379214160144,NA
2023-01-11,"15:00",3.21937375701964,88.2287822547369,32.6036143489182
2023-01-11,"16:00",8.91114312456921,73.4522002749145,17.4232039274648
2023-01-11,"17:00",6.26256947405636,92.5415940117091,22.3410447360948
2023-01-11,"18:00",3.02904915297404,79.0859695291147,30.7986372709274
2023-01-11,"19:00",3.88204663759097,NA,19.3120046379045
2023-01-11,"20:00",NA,80.4530489258468,27.4145352188498
2023-01-11,"21:00",8.62551897531375,94.6670866571367,22.554447138682
2023-01-11,"22:00",9.53101213788614,89.7160582942888,27.0807059993967
2023-01-11,"23:00",5.63644683454186,75.2046416979283,26.2903653644025
2023-01-11,"00:00",3.29547413391992,71.1514136870392,28.8888660026714
2023-01-11,"01:00",9.96617218712345,NA,31.2828737311065
2023-01-11,"02:00",NA,94.386925722938,NA
2023-01-11,"03:00",6.12671965267509,94.6008235565387,22.3992939013988
2023-01-11,"04:00",1.0817852942273,58.9195268927142,31.4531807648018
2023-01-11,"05:00",4.87032569944859,62.8751212381758,25.2524854289368
2023-01-11,"06:00",NA,55.6719252374023,29.8316365061328
2023-01-11,"07:00",1.6116576269269,89.8579479311593,31.9867695635185
2023-01-12,"08:00",2.82992870779708,55.4769244394265,23.8059943076223
2023-01-12,"09:00",5.83872335962951,91.4535847376101,NA
2023-01-12,"10:00",7.31707658851519,88.5523148463108,32.0183522161096
2023-01-12,"11:00",1.65520911104977,97.1844702260569,NA
2023-01-12,"12:00",8.66467763204128,73.3478796784766,27.3014050303027
2023-01-12,"13:00",7.08574137184769,96.9927823753096,29.0000212658197
2023-01-12,"14:00",7.6039953622967,89.259147120174,29.9634592793882
2023-01-12,"15:00",1.47084108553827,93.7303937505931,20.2369528543204
2023-01-12,"16:00",3.58056963421404,69.7231326717883,20.5239330325276
2023-01-12,"17:00",6.73332481412217,54.984958039131,18.9892754331231
2023-01-12,"18:00",5.23822601651773,NA,33.8599199382588
2023-01-12,"19:00",3.49801792763174,86.1111025558785,20.4229136230424
2023-01-12,"20:00",NA,67.8152589709498,24.9681729823351
2023-01-12,"21:00",0.581917962990701,69.1355941700749,15.7337576383725
2023-01-12,"22:00",2.36619742121547,51.5984325436875,31.0347446566448
2023-01-12,"23:00",8.90077913179994,NA,23.1044913176447
2023-01-12,"00:00",8.1182741606608,56.0538955149241,24.2025181045756
2023-01-12,"01:00",NA,94.2592088249512,33.6230430100113
2023-01-12,"02:00",NA,53.7323149503209,22.7976145129651
2023-01-12,"03:00",1.24742088606581,89.2113973386586,29.9163273815066
2023-01-12,"04:00",NA,92.7066151285544,30.6721699330956
2023-01-12,"05:00",4.36129996087402,51.8589085317217,19.1491250647232
2023-01-12,"06:00",4.64016626821831,63.7571754748933,16.1305345920846
2023-01-12,"07:00",1.6529808123596,82.1034974534996,21.6302766744047
2023-01-12,"08:00",5.84936557337642,89.2539179767482,28.6761037120596
2023-01-12,"09:00",2.7077801944688,70.0031355954707,30.3554853657261
2023-01-12,"10:00",2.30096920393407,96.7651164857671,28.0609878292307
2023-01-12,"11:00",6.91207831492648,69.5258485386148,33.6760798841715
2023-01-12,"12:00",2.82852399628609,71.197965356987,NA
2023-01-12,"13:00",NA,64.3210850539617,22.5677818525583
2023-01-12,"14:00",0.939166070893407,80.5874204263091,27.8740810230374
2023-01-12,"15:00",8.22030071169138,77.9406369314529,NA
2023-01-12,"16:00",4.27428280701861,51.9983567530289,15.3012692369521
2023-01-12,"17:00",7.55887259729207,87.2640973422676,17.9713014094159
2023-01-12,"18:00",6.62385506555438,60.3243710356764,29.9062062660232
2023-01-12,"19:00",4.44527396932244,82.8247982542962,32.054935018532
2023-01-12,"20:00",6.27146184444427,76.1207335628569,21.4989091455936
2023-01-12,"21:00",0.00465349061414599,81.6718292422593,20.3333901753649
2023-01-12,"22:00",NA,80.878156691324,19.8709488427266
2023-01-12,"23:00",NA,64.2447773716412,34.1250058310106
2023-01-13,"00:00",2.15166488196701,61.1903611221351,24.9453747877851
2023-01-13,"01:00",8.13933721277863,76.9509677658789,NA
2023-01-13,"02:00",3.07763874297962,NA,33.3026382792741
2023-01-13,"03:00",6.87742685666308,66.4458268438466,27.1784357400611
2023-01-13,"04:00",9.32681079022586,66.1668044165708,NA
2023-01-13,"05:00",1.15779664833099,51.7661758931354,33.3786147553474
2023-01-13,"06:00",1.27705687889829,76.2805926264264,29.2322615720332
2023-01-13,"07:00",6.78223857423291,79.8403457505628,15.8765718759969
2023-01-13,"08:00",NA,87.1043329592794,NA
2023-01-13,"09:00",8.34400977939367,97.6418564794585,NA
2023-01-13,"10:00",9.71438066801056,74.481061892584,17.3819171870127
2023-01-13,"11:00",0.704889777116477,54.1643672739156,34.040758064948
2023-01-13,"12:00",4.5978519320488,62.9963999497704,15.8167971950024
2023-01-13,"13:00",7.0158511842601,93.742331280373,18.4119996335357
2023-01-13,"14:00",0.869401679374278,92.6029568188824,15.4630681918934
2023-01-13,"15:00",9.92944016121328,92.1452332288027,22.7981981309131
2023-01-13,"16:00",2.53098994027823,97.3451837315224,29.1855428181589
2023-01-13,"17:00",0.495384356472641,82.6340817380697,NA
2023-01-13,"18:00",6.86324946815148,74.4077782612294,24.7228543367237
2023-01-13,"19:00",7.86927352659404,59.3878350337036,16.6144632548094
2023-01-13,"20:00",3.53606075979769,85.6516530388035,34.3576880125329
2023-01-13,"21:00",3.66441444959491,54.253498534672,26.2054573046044
2023-01-13,"22:00",2.87100130692124,73.0599702801555,29.338123225607
2023-01-13,"23:00",0.799729123245925,96.7953653307632,20.6684951204807
2023-01-13,"00:00",3.65454269573092,92.2646833932959,31.0450580716133
2023-01-13,"01:00",NA,85.8093358459882,27.5843871664256
2023-01-13,"02:00",5.36053720628843,56.1903174151666,33.1792182382196
2023-01-13,"03:00",5.03948712022975,79.7413730644621,22.9225037805736
2023-01-13,"04:00",9.45035103475675,99.4926400715485,21.1656882800162
2023-01-13,"05:00",3.41321283951402,NA,29.6338832611218
2023-01-13,"06:00",4.64713774155825,63.6538833496161,28.9001713693142
2023-01-13,"07:00",NA,53.1853421591222,23.7060033110902
2023-01-13,"08:00",8.60106846084818,53.6151637788862,31.1503978073597
2023-01-13,"09:00",3.95660639973357,93.6755607021041,21.1122608976439
2023-01-13,"10:00",7.35899350373074,68.1412498350255,33.2911062659696
2023-01-13,"11:00",1.71743405982852,97.2811074578203,27.5965877901763
2023-01-13,"12:00",4.54761631321162,77.9159469995648,NA
2023-01-13,"13:00",NA,75.6330575444736,29.3428778462112
2023-01-13,"14:00",0.626499983482063,97.388583177235,28.2635237881914
2023-01-13,"15:00",8.15081495093182,55.4900797782466,29.0618400136009
2023-01-14,"16:00",3.01142524462193,90.9453775268048,18.8527169590816
2023-01-14,"17:00",3.64671027986333,68.8671053387225,26.9615642912686
2023-01-14,"18:00",NA,NA,30.3434104379267
2023-01-14,"19:00",0.373699648771435,NA,19.7275186376646
2023-01-14,"20:00",5.1880492339842,54.1171440156177,28.8311212509871
2023-01-14,"21:00",6.79013415705413,88.9968771138228,16.8447815533727
2023-01-14,"22:00",NA,59.6617364208214,29.740824806504
2023-01-14,"23:00",0.255266984459013,NA,NA
2023-01-14,"00:00",9.89078270737082,NA,28.2817530352622
2023-01-14,"01:00",3.02887624595314,NA,28.3483114931732
2023-01-14,"02:00",9.39138400601223,99.7330211102962,23.4004334872589
2023-01-14,"03:00",6.87607581727207,72.3371433210559,17.7593384496868
2023-01-14,"04:00",4.47036994853988,51.5713332104497,NA
2023-01-14,"05:00",8.16478138789535,96.8508279067464,16.8750848527998
2023-01-14,"06:00",0.394991978537291,93.5491977143101,30.0814670231193
2023-01-14,"07:00",NA,80.0623141694814,22.3265581112355
2023-01-14,"08:00",3.48719493718818,64.9507728172466,NA
2023-01-14,"09:00",8.29250823473558,90.4673137585633,22.6604262832552
2023-01-14,"10:00",5.35541391698644,97.6071192533709,19.0647740010172
2023-01-14,"11:00",2.74545363616198,92.6026985631324,25.7053077174351
2023-01-14,"12:00",NA,56.36548679322,22.7169449813664
2023-01-14,"13:00",0.91644694795832,98.4441174892709,32.245707185939
2023-01-14,"14:00",8.32107774214819,NA,NA
2023-01-14,"15:00",2.76855072472245,50.2682223683223,16.2689707567915
2023-01-14,"16:00",7.53110099583864,56.7881959839724,18.3352807443589
2023-01-14,"17:00",9.64152570115402,50.2923550782725,NA
2023-01-14,"18:00",0.814665600191802,90.8437031088397,23.8501795055345
2023-01-14,"19:00",8.54364746483043,89.1081793932244,28.4879256552085
2023-01-14,"20:00",8.02238217089325,96.5533142909408,15.7215599808842
2023-01-14,"21:00",3.85173604590818,68.4344941168092,24.368421761319
2023-01-14,"22:00",NA,98.7227437086403,15.9130714042112
2023-01-14,"23:00",NA,91.1871840944514,27.4006738746539
2023-01-14,"00:00",5.6938266265206,89.3724431633018,32.2978397645056
2023-01-14,"01:00",8.88055190443993,81.1412917333655,18.9173832116649
2023-01-14,"02:00",5.29714091448113,98.3677464420907,20.6419690651819
2023-01-14,"03:00",5.8695865678601,74.9959245324135,32.3037417745218
2023-01-14,"04:00",6.65735142538324,94.6847799816169,15.640700943768
2023-01-14,"05:00",5.29892458580434,NA,30.6471075071022
2023-01-14,"06:00",5.09842899395153,72.3770804819651,24.1013898793608
2023-01-14,"07:00",0.161604809109122,96.7889541061595,16.6024377709255
2023-01-15,"08:00",0.477099849376827,84.1666098684072,33.1352174002677
2023-01-15,"09:00",9.29350682534277,50.9081565076485,18.7801330909133
2023-01-15,"10:00",7.69285538699478,58.27633588342,29.9219173658639
2023-01-15,"11:00",2.01080616097897,74.7917249449529,23.6312815966085
2023-01-15,"12:00",6.50261500384659,71.3267614017241,28.4106439445168
2023-01-15,"13:00",6.53766682371497,99.6026560314931,18.7490242533386
2023-01-15,"14:00",3.95253761438653,94.4475061958656,NA
2023-01-15,"15:00",8.12304828548804,67.2877685632557,15.977348969318
2023-01-15,"16:00",5.47023417660967,85.2922062505968,19.4040977349505
2023-01-15,"17:00",8.85132651543245,95.4362343531102,20.2360093221068
2023-01-15,"18:00",5.53313987562433,83.8146443595178,30.3441980807111
2023-01-15,"19:00",9.06048111617565,81.9550135638565,22.719250083901
2023-01-15,"20:00",5.87461367016658,57.4802263523452,20.5714621813968
2023-01-15,"21:00",NA,80.0562695018016,16.5523102413863
2023-01-15,"22:00",9.49585322989151,63.6375617934391,25.0060972571373
2023-01-15,"23:00",7.09037903463468,72.892668552231,24.0290289884433
2023-01-15,"00:00",4.1330540808849,61.1126546631567,34.7320322645828
2023-01-15,"01:00",0.183640837203711,62.7460758434609,17.8426868095994
2023-01-15,"02:00",5.66734082764015,82.6843863585964,31.6767150303349
2023-01-15,"03:00",4.90063453093171,73.599658056628,15.5905898008496
2023-01-15,"04:00",8.7867402122356,58.0481517827138,30.57517407462
2023-01-15,"05:00",NA,63.6040167300962,19.5734788058326
2023-01-15,"06:00",8.54099977528676,NA,17.6772023690864
2023-01-15,"07:00",3.67895947769284,80.6676826090552,18.8122184760869
2023-01-15,"08:00",8.73949912842363,56.6060983110219,19.3172927945852
2023-01-15,"09:00",1.51338171446696,53.5003626602702,33.6834278423339
2023-01-15,"10:00",2.8181166970171,98.3132506487891,34.7763530910015
2023-01-15,"11:00",6.66705157840624,68.4135138988495,21.2004985706881
2023-01-15,"12:00",9.77383576799184,83.8727042311803,17.7426175866276
2023-01-15,"13:00",5.82739736652002,NA,28.2197161344811
2023-01-15,"14:00",5.26590079534799,62.0825192658231,26.6982675343752
2023-01-15,"15:00",0.607822248712182,51.7575495527126,21.8813066510484
2023-01-15,"16:00",9.69038863666356,79.7620118362829,31.2791307689622
2023-01-15,"17:00",1.20237128576264,91.8095564004034,20.6636791909114
2023-01-15,"18:00",0.883633010089397,68.1124605122022,31.9168212125078
2023-01-15,"19:00",8.80764114903286,66.6094266693108,17.7404377097264
2023-01-15,"20:00",NA,82.2368165361695,32.2389551252127
2023-01-15,"21:00",3.37494997307658,97.9307568399236,16.3424123777077
2023-01-15,"22:00",8.94334625452757,79.8101814230904,NA
2023-01-15,"23:00",0.319716280791909,75.5140008986928,28.6026991903782
2023-01-16,"00:00",2.37229697406292,57.7632067957893,NA
2023-01-16,"01:00",6.86490351101384,92.2925502760336,33.8507809489965
2023-01-16,"02:00",2.25818423321471,60.7190212816931,NA
2023-01-16,"03:00",3.18494588136673,83.4936622413807,27.5248028244823
2023-01-16,"04:00",1.73983816755936,80.887822562363,18.6700480384752
2023-01-16,"05:00",8.01429583691061,52.4999888497405,NA
2023-01-16,"06:00",NA,97.4699387792498,29.6938582137227
2023-01-16,"07:00",8.22717391652986,79.1276015806943,24.9135886598378
2023-01-16,"08:00",3.30997828627005,93.0477168527432,NA
2023-01-16,"09:00",3.74169387854636,75.923362467438,31.6367588890716
2023-01-16,"10:00",6.29745423793793,63.3063741726801,34.6659765066579
2023-01-16,"11:00",0.966337430290878,79.8688831739128,NA
2023-01-16,"12:00",NA,89.7788042086177,27.857202840969
2023-01-16,"13:00",9.93044780334458,84.4643018790521,NA
2023-01-16,"14:00",5.83938845666125,74.0315822302364,18.8169288495556
2023-01-16,"15:00",7.81823065131903,73.2964694383554,15.6517448741943
2023-01-16,"16:00",NA,NA,31.9438895583153
2023-01-16,"17:00",7.54865453578532,72.463525715284,23.4891451196745
2023-01-16,"18:00",9.79203730123118,80.1353766350076,31.3440687721595
2023-01-16,"19:00",0.441470679361373,50.2304487046786,18.0331998644397
2023-01-16,"20:00",9.0340088470839,99.7497256263159,23.1168821128085
2023-01-16,"21:00",NA,70.3231224208139,29.45017863065
2023-01-16,"22:00",7.75407591369003,55.8975818566978,16.1926765693352
2023-01-16,"23:00",3.76816416857764,93.4769547660835,21.6069844644517
2023-01-16,"00:00",0.42108048684895,77.0096478285268,30.5352800386027
2023-01-16,"01:00",3.64411081653088,94.0798833966255,31.8091869028285
2023-01-16,"02:00",NA,51.8769919523038,32.4116306053475
2023-01-16,"03:00",8.5046748071909,94.071698107291,34.0608380315825
2023-01-16,"04:00",3.62401712452993,86.1174834892154,22.679115049541
2023-01-16,"05:00",3.04477790603414,88.4905148297548,34.0126393316314
2023-01-16,"06:00",7.59135339409113,93.1796854478307,29.082092512399
2023-01-16,"07:00",8.44834624323994,75.0371051602997,23.4396278765053
2023-01-16,"08:00",4.5792156108655,96.2932012160309,22.8263218794018
2023-01-16,"09:00",7.2963166446425,60.4037335142493,19.2113349121064
2023-01-16,"10:00",NA,51.3552796910517,30.0496036186814
2023-01-16,"11:00",2.19983177725226,65.7896536053158,NA
2023-01-16,"12:00",9.53951247734949,83.0056124832481,24.0662968484685
2023-01-16,"13:00",7.52037541242316,65.734565036837,16.6650171857327
2023-01-16,"14:00",NA,97.2230693907477,NA
2023-01-16,"15:00",NA,88.9485289924778,32.8990581165999
2023-01-17,"16:00",5.93838493106887,66.9715623138472,25.8887569187209
2023-01-17,"17:00",NA,74.0823132335208,15.6165413279086
2023-01-17,"18:00",8.88408650411293,70.7997399382293,22.7686616638675
2023-01-17,"19:00",3.85191593319178,88.8166949735023,NA
2023-01-17,"20:00",0.903220842592418,74.2713502957486,20.5450891796499
2023-01-17,"21:00",NA,50.7649552077055,29.3903966201469
2023-01-17,"22:00",7.45636217296124,82.1225647581741,22.5205036997795
2023-01-17,"23:00",0.85378457326442,61.7414992419071,27.6891990890726
2023-01-17,"00:00",3.00517611205578,NA,24.9349558493122
2023-01-17,"01:00",6.14562157308683,64.7803687257692,31.149729155004
2023-01-17,"02:00",7.52932057948783,95.3109095804393,26.6437681624666
2023-01-17,"03:00",9.1705713304691,92.6662008976564,18.4402560675517
2023-01-17,"04:00",4.75750505691394,73.0981888482347,33.7458207923919
2023-01-17,"05:00",5.67119466140866,53.5674124141224,16.0762174939737
2023-01-17,"06:00",7.36620346084237,78.8901862222701,16.7446437431499
2023-01-17,"07:00",8.57447424437851,78.9789667003788,31.8311601132154
2023-01-17,"08:00",9.09146504476666,99.6788388467394,23.4177852189168
2023-01-17,"09:00",NA,66.7637207196094,29.3497210554779
2023-01-17,"10:00",5.02908304100856,83.3400887087919,29.7230146219954
2023-01-17,"11:00",3.50544773042202,96.9278000993654,34.74941090215
2023-01-17,"12:00",8.45556122949347,NA,34.2193423910066
2023-01-17,"13:00",8.06435163831338,84.5855706953444,17.8358746878803
2023-01-17,"14:00",1.1733122728765,54.4879293534905,28.2990263169631
2023-01-17,"15:00",7.12686554994434,93.3229622314684,15.6630848441273
2023-01-17,"16:00",2.35268858028576,75.0569698400795,24.8902670107782
2023-01-17,"17:00",NA,NA,NA
2023-01-17,"18:00",9.35646147234365,70.6209620810114,22.5841950718313
2023-01-17,"19:00",1.57167825149372,94.3153139785863,33.9659872278571
2023-01-17,"20:00",NA,74.7796718613245,28.2135156076401
2023-01-17,"21:00",NA,83.6376863881014,23.6553019052371
2023-01-17,"22:00",NA,64.125221897848,31.7736519640312
2023-01-17,"23:00",NA,90.8529151463881,31.0939744580537
2023-01-17,"00:00",NA,62.30497272918,NA
2023-01-17,"01:00",2.83002346055582,68.4823096962646,21.5878101903945
2023-01-17,"02:00",4.20434901025146,61.7762197507545,26.3008102588356
2023-01-17,"03:00",5.87278124177828,96.787846297957,32.2245834395289
2023-01-17,"04:00",8.06694429600611,70.7538414164446,26.7174204951152
2023-01-17,"05:00",2.01995208859444,56.8724702694453,NA
2023-01-17,"06:00",4.59424671716988,95.7182361511514,30.3416813910007
2023-01-17,"07:00",4.48143113870174,67.3820688039996,NA
2023-01-18,"08:00",7.33747758204117,92.6465437863953,32.335953656584
2023-01-18,"09:00",NA,57.1317589376122,16.8939510453492
2023-01-18,"10:00",8.31221978878602,67.9716435493901,27.1987858833745
2023-01-18,"11:00",8.86566120898351,62.2752533759922,19.8174957931042
2023-01-18,"12:00",9.52644573990256,52.2952973260544,24.3928331788629
2023-01-18,"13:00",5.50616721855476,89.227395108901,NA
2023-01-18,"14:00",5.22335766116157,59.9585867254063,33.3688255725428
2023-01-18,"15:00",NA,69.5925122126937,22.994880983606
2023-01-18,"16:00",4.79271559976041,66.178112232592,26.3068932062015
2023-01-18,"17:00",NA,80.1052952534519,16.617540246807
2023-01-18,"18:00",0.397806370165199,77.0635839784518,33.8540036976337
2023-01-18,"19:00",6.34800509782508,99.5411866344512,29.715572106652
2023-01-18,"20:00",5.39560914039612,62.6895524561405,24.5062443241477
2023-01-18,"21:00",NA,86.7634946596809,NA
2023-01-18,"22:00",2.83711776835844,98.8804080523551,NA
2023-01-18,"23:00",5.83030595211312,77.9023120878264,27.2925408789888
2023-01-18,"00:00",NA,69.6354079758748,16.2208318011835
2023-01-18,"01:00",0.963011106941849,91.2344629643485,16.065907664597
2023-01-18,"02:00",NA,55.6192230433226,24.105126298964
2023-01-18,"03:00",3.55761565733701,76.7888952046633,18.6192427389324
2023-01-18,"04:00",8.44933539861813,NA,24.8261184804142
2023-01-18,"05:00",2.60132473660633,63.6978606344201,34.6374289644882
2023-01-18,"06:00",NA,57.8678767895326,19.4824421452358
2023-01-18,"07:00",8.62399539677426,93.5919036855921,29.2505731061101
2023-01-18,"08:00",3.34587961202487,78.1022428185679,18.0025211861357
2023-01-18,"09:00",6.31788871716708,77.5344879133627,NA
2023-01-18,"10:00",5.46426258748397,79.6182642807253,31.5695164678618
2023-01-18,"11:00",3.76444493187591,86.3906431361102,17.5372108863667
2023-01-18,"12:00",1.85873015085235,81.9462642306462,31.3936656340957
2023-01-18,"13:00",4.28940591169521,80.7225082418881,19.9200683273375
2023-01-18,"14:00",6.30773598561063,52.6208425289951,16.940359310247
2023-01-18,"15:00",5.20842351252213,78.2578876474872,18.2740290695801
2023-01-18,"16:00",6.59621337195858,NA,28.2871040794998
2023-01-18,"17:00",7.29360931320116,81.4283537562005,28.5485623357818
2023-01-18,"18:00",4.86822873353958,81.0945322504267,17.6590375229716
2023-01-18,"19:00",3.84456615662202,54.1135021019727,34.5904796943069
2023-01-18,"20:00",0.0683350884355605,53.8821306079626,17.9322495125234
2023-01-18,"21:00",0.0368422758765519,NA,33.8363350788131
2023-01-18,"22:00",NA,91.5151796187274,29.0070348978043
2023-01-18,"23:00",1.07886880170554,57.2954937582836,26.3592580705881
2023-01-19,"00:00",4.1866915835999,89.1765036154538,19.926979788579
2023-01-19,"01:00",7.17884546611458,74.3225039565004,21.8174306489527
2023-01-19,"02:00",7.42539132246748,99.4632552727126,31.7952389083803
2023-01-19,"03:00",8.71998823713511,74.9552477267571,33.4304293245077
2023-01-19,"04:00",NA,78.1130267539993,25.3072977438569
2023-01-19,"05:00",7.56203351309523,68.9128510304727,32.762243966572
2023-01-19,"06:00",NA,75.9318598662503,29.0814440604299
2023-01-19,"07:00",6.12779648974538,53.7141896085814,23.4752557938918
2023-01-19,"08:00",7.93224167777225,NA,NA
2023-01-19,"09:00",NA,98.0530500411987,34.267688812688
2023-01-19,"10:00",4.16914549656212,76.3905069790781,17.4964119214565
2023-01-19,"11:00",8.74882387463003,71.8579725944437,28.6068106582388
2023-01-19,"12:00",NA,51.6133498284034,31.3967828731984
2023-01-19,"13:00",9.24478986766189,51.8867090344429,19.3254964379594
2023-01-19,"14:00",NA,52.3674146970734,26.8817435810342
2023-01-19,"15:00",3.15812789136544,58.0479517811909,18.2339186128229
2023-01-19,"16:00",8.04256279254332,73.4548696666025,23.1105303904042
2023-01-19,"17:00",9.88963411189616,90.2961987419985,NA
2023-01-19,"18:00",3.22385551873595,NA,25.5519769107923
2023-01-19,"19:00",0.0119162839837372,NA,NA
2023-01-19,"20:00",9.92170619312674,76.0912907426246,33.1512994039804
2023-01-19,"21:00",1.48352391785011,64.4473596592434,21.655943649821
2023-01-19,"22:00",0.493642971850932,50.8688600733876,19.8507299879566
2023-01-19,"23:00",5.97353482618928,83.4174764924683,21.1997747235
2023-01-19,"00:00",3.21328443475068,53.348798234947,19.5361106982455
2023-01-19,"01:00",5.27929000323638,91.8193213408813,NA
2023-01-19,"02:00",NA,56.7671577911824,20.3551125107333
2023-01-19,"03:00",0.689325968269259,82.7939054230228,33.4730727411807
2023-01-19,"04:00",6.9502069731243,NA,16.1296831909567
2023-01-19,"05:00",9.48631507344544,62.8823998034932,25.0291029363871
2023-01-19,"06:00",2.77769317384809,56.7997642559931,30.8757187239826
2023-01-19,"07:00",2.49406585237011,88.1744207115844,31.7585469037294
2023-01-19,"08:00",NA,NA,26.5254733664915
2023-01-19,"09:00",NA,63.3984799613245,NA
2023-01-19,"10:00",5.57437583105639,76.5915597323328,26.6412444971502
2023-01-19,"11:00",4.8983705160208,73.7058433704078,17.750311344862
2023-01-19,"12:00",4.94292361894622,68.6721832491457,24.6542464802042
2023-01-19,"13:00",8.88371585169807,88.7674964265898,16.8737122556195
2023-01-19,"14:00",0.367043598089367,77.9101985041052,21.0993905598298
2023-01-19,"15:00",2.03743813559413,57.7618310577236,NA
2023-01-20,"16:00",5.13781139161438,99.4709224207327,NA
2023-01-20,"17:00",2.36339889001101,62.2223215177655,22.8983701206744
2023-01-20,"18:00",5.75435669859871,56.5189256099984,31.0570621211082
2023-01-20,"19:00",4.82257911469787,NA,19.5664138905704
2023-01-20,"20:00",NA,69.0002124174498,NA
2023-01-20,"21:00",1.44152315100655,67.9810584406368,30.5644981563091
2023-01-20,"22:00",1.45708762574941,65.1331024477258,28.4027939336374
2023-01-20,"23:00",4.12283112993464,52.219985681586,25.2221934730187
2023-01-20,"00:00",6.830102824606,96.7391676385887,19.2800412047654
2023-01-20,"01:00",6.53427820419893,78.4358514938504,18.7538659758866
2023-01-20,"02:00",9.15986333042383,NA,27.2229435155168
2023-01-20,"03:00",NA,93.8980587641709,NA
2023-01-20,"04:00",6.7589000123553,73.3644403168,19.588811066933
2023-01-20,"05:00",8.07499109301716,77.117490733508,31.4787577930838
2023-01-20,"06:00",1.28064419608563,89.219908695668,21.0073649976403
2023-01-20,"07:00",2.50778533983976,82.3935136198997,15.3218361875042
2023-01-20,"08:00",3.31546991597861,57.2446573525667,NA
2023-01-20,"09:00",4.07269289949909,66.0818688571453,16.7549338703975
2023-01-20,"10:00",6.353675769642,NA,29.9604679411277
2023-01-20,"11:00",8.08612044900656,59.409924549982,31.7201642505825
2023-01-20,"12:00",2.58801201358438,87.5202124239877,15.3196106944233
2023-01-20,"13:00",8.19467139896005,72.9579237638973,32.0572299649939
2023-01-20,"14:00",0.154776689596474,57.0682524470612,26.0059453034773
2023-01-20,"15:00",6.54400766594335,60.2596538024954,21.7937481682748
2023-01-20,"16:00",8.11719584278762,NA,21.514037437737
2023-01-20,"17:00",4.61368926800787,56.9015105254948,27.7844022400677
2023-01-20,"18:00",2.03417101642117,70.7771850400604,17.5569459330291
2023-01-20,"19:00",0.187682171817869,72.5623515900224,NA
2023-01-20,"20:00",NA,81.1473284848034,26.6616521310061
2023-01-20,"21:00",NA,62.5587148708291,30.1839247718453
2023-01-20,"22:00",NA,73.2076731859706,26.0340628353879
2023-01-20,"23:00",5.42531613726169,58.2754614530131,28.7557461066172
2023-01-20,"00:00",2.19422545982525,92.8903226740658,NA
2023-01-20,"01:00",4.89427804015577,57.8275948646478,33.1349371373653
2023-01-20,"02:00",8.01148736150935,54.4165816856548,34.5147064747289
2023-01-20,"03:00",4.0763065777719,94.670888595283,30.3218836290762
2023-01-20,"04:00",1.03711566887796,NA,NA
2023-01-20,"05:00",2.8056517476216,87.6043335534632,25.4520795168355
2023-01-20,"06:00",NA,70.0803323998116,30.9809250291437
2023-01-20,"07:00",2.59244841057807,72.4279053043574,19.1491114068776
2023-01-21,"08:00",4.7068183356896,57.9836990102194,22.7256356785074
2023-01-21,"09:00",3.65845473250374,57.225792563986,25.8476555766538
2023-01-21,"10:00",1.21272054268047,57.4590196018107,NA
2023-01-21,"11:00",0.46993680531159,75.7217129925266,21.6666486347094
2023-01-21,"12:00",2.62796304188669,74.6413653134368,NA
2023-01-21,"13:00",9.68641167972237,80.8171384269372,23.4748607361689
2023-01-21,"14:00",4.88495482364669,72.3711445345543,20.5260269809514
2023-01-21,"15:00",4.77822029730305,52.7838357607834,27.52180299256
2023-01-21,"16:00",7.48792881146073,50.2698154770769,NA
2023-01-21,"17:00",6.67640231316909,61.0917100566439,27.1306957351044
2023-01-21,"18:00",0.494155967608094,92.5481611979194,NA
2023-01-21,"19:00",6.95105244405568,63.3673103060573,15.8723804494366
2023-01-21,"20:00",NA,79.9300136626698,34.8681548098102
2023-01-21,"21:00",8.84133607381955,80.4299848619848,27.5312208198011
2023-01-21,"22:00",7.75297229643911,99.6079220203683,31.7768030334264
2023-01-21,"23:00",1.39203641330823,59.5594980404712,22.9416925972328
2023-01-21,"00:00",2.95009271241724,87.6695292303339,34.0617797151208
2023-01-21,"01:00",1.2608278542757,62.1193668572232,NA
2023-01-21,"02:00",5.8990162378177,66.3726110011339,NA
2023-01-21,"03:00",5.61675608856604,50.1767747336999,15.1445310283452
2023-01-21,"04:00",6.88721120124683,99.8712071799673,32.4748530844226
2023-01-21,"05:00",3.11270809033886,71.9029752188362,16.4788798708469
2023-01-21,"06:00",6.05586841469631,99.8844372457825,31.3340850174427
2023-01-21,"07:00",9.91034318925813,59.8359584575519,26.7208607308567
2023-01-21,"08:00",7.43204915197566,55.5738397873938,28.6549270898104
2023-01-21,"09:00",0.758571303449571,62.5368225271814,29.2831544717774
2023-01-21,"10:00",4.51168906409293,84.0238301549107,20.6021055718884
2023-01-21,"11:00",0.535369345452636,78.8627148373052,28.4702711645514
2023-01-21,"12:00",3.3955551404506,70.8173648105003,20.9407875686884
2023-01-21,"13:00",7.3395214881748,86.4590621786192,26.420915494673
2023-01-21,"14:00",NA,78.7094866507687,16.0941236279905
2023-01-21,"15:00",NA,78.88175745029,21.9521683361381
2023-01-21,"16:00",4.62975211208686,79.4999563717283,24.9535816861317
2023-01-21,"17:00",NA,61.1464170040563,NA
2023-01-21,"18:00",NA,NA,31.3153675477952
2023-01-21,"19:00",5.72073720628396,86.8253013468347,25.2065293304622
2023-01-21,"20:00",7.03812950057909,80.6201878120191,31.9789160322398
2023-01-21,"21:00",6.5722106047906,97.5606180261821,26.8838572641835
2023-01-21,"22:00",2.89352145045996,NA,25.7579058269039
2023-01-21,"23:00",0.972394556738436,87.2418025042862,27.5408082688227
2023-01-22,"00:00",9.62421321077272,71.7415072838776,20.8394761895761
2023-01-22,"01:00",NA,58.73875686666,26.3447827659547
2023-01-22,"02:00",NA,71.7644034419209,NA
2023-01-22,"03:00",1.19928880827501,88.1229093880393,33.4090793691576
2023-01-22,"04:00",5.50259046489373,95.9514655522071,30.3868638770655
2023-01-22,"05:00",2.62756277807057,95.3348791459575,31.8746542325243
2023-01-22,"06:00",8.98360831197351,90.7756414497271,33.4455973701552
2023-01-22,"07:00",0.0917994580231607,59.987647132948,27.0158027345315
2023-01-22,"08:00",2.36234935931861,52.4812792660668,22.3560385638848
2023-01-22,"09:00",1.30044595338404,NA,29.9400700163096
2023-01-22,"10:00",3.26233146712184,79.5196684426628,24.6972147841007
2023-01-22,"11:00",7.2639888827689,54.8310117912479,NA
2023-01-22,"12:00",9.91745235398412,97.5445117452182,28.4628489147872
2023-01-22,"13:00",7.15133527759463,58.1371569307521,23.0729515710846
2023-01-22,"14:00",5.04439810989425,96.0753131308593,34.0636406932026
2023-01-22,"15:00",4.36047671828419,56.3887536409311,17.6874283887446
2023-01-22,"16:00",9.48825250612572,83.1369795254432,22.5543989101425
2023-01-22,"17:00",1.20181487640366,89.2020963714458,32.9971406562254
2023-01-22,"18:00",NA,88.2306580897421,31.0668201977387
2023-01-22,"19:00",8.89021492796019,83.6285155266523,25.1285468786955
2023-01-22,"20:00",4.24452095059678,55.7832951191813,15.361874718219
2023-01-22,"21:00",0.423606787808239,92.5650743767619,20.0054626399651
2023-01-22,"22:00",6.47442143643275,80.8980797417462,21.119762994349
2023-01-22,"23:00",4.68619162449613,91.8205777998082,28.2344807963818
2023-01-22,"00:00",6.17926123319194,58.4964112378657,16.9635399803519
2023-01-22,"01:00",2.70815432537347,50.5140610039234,34.3058090191334
2023-01-22,"02:00",1.57295286655426,66.1734865629114,32.3444731580094
2023-01-22,"03:00",1.14254270214587,63.4841362247244,20.6972514232621
2023-01-22,"04:00",5.07682863157243,91.2630678038113,23.6937447590753
2023-01-22,"05:00",5.48032287508249,96.6830868506804,NA
2023-01-22,"06:00",1.40646189451218,56.3895741826855,21.9625995028764
2023-01-22,"07:00",NA,95.6668803119101,21.0834643617272
2023-01-22,"08:00",7.61985323159024,80.2616973873228,NA
2023-01-22,"09:00",5.27394940610975,70.0142583227716,20.6715770252049
2023-01-22,"10:00",8.60989357577637,83.2897651707754,32.3569463798776
2023-01-22,"11:00",6.7355498787947,88.3799638599157,31.3338258955628
2023-01-22,"12:00",NA,76.0947850067168,18.6917424714193
2023-01-22,"13:00",6.93198901368305,69.7253758553416,19.5445295283571
2023-01-22,"14:00",NA,98.2893416774459,28.3125167433172
2023-01-22,"15:00",6.3185017532669,52.4492770317011,24.3615850945935
2023-01-23,"16:00",1.07294654939324,57.6654135831632,17.1928012790158
2023-01-23,"17:00",9.21065203845501,84.8419532761909,17.9129659524187
2023-01-23,"18:00",6.75362381152809,86.3892936613411,21.3434866676107
2023-01-23,"19:00",1.48593712598085,55.4189707734622,27.1440599672496
2023-01-23,"20:00",7.45341842295602,73.2284272788092,33.9403052441776
2023-01-23,"21:00",9.42598861875013,82.1062768111005,23.4517233911902
2023-01-23,"22:00",4.20783375622705,69.8555468930863,33.5297715710476
2023-01-23,"23:00",NA,99.521512852516,16.9928218750283
2023-01-23,"00:00",2.59426670148969,83.9354404946789,32.3257791809738
2023-01-23,"01:00",NA,65.7659228774719,20.2097646100447
2023-01-23,"02:00",5.65654343459755,57.6884630019777,20.6806479860097
2023-01-23,"03:00",7.56650132825598,65.0625867885537,18.3171601546928
2023-01-23,"04:00",6.69603545917198,NA,15.5991325620562
2023-01-23,"05:00",NA,51.3437753426842,16.962372828275
2023-01-23,"06:00",8.11463657766581,65.524165215902,17.3971550352871
2023-01-23,"07:00",7.59166802046821,87.1219434309751,NA
2023-01-23,"08:00",0.200684661976993,98.0046106153168,31.5918519394472
2023-01-23,"09:00",3.80903700133786,70.7901331363246,15.3062852006406
2023-01-23,"10:00",0.508801136165857,76.1117703630589,22.7138181449845
2023-01-23,"11:00",NA,53.3759864396416,33.287120196037
2023-01-23,"12:00",9.23699213191867,81.4920902717859,15.3057132847607
2023-01-23,"13:00",5.42598370462656,67.6706893602386,21.1930200271308
2023-01-23,"14:00",8.52364600170404,71.2357326061465,NA
2023-01-23,"15:00",NA,98.1884395354427,26.2426213128492
2023-01-23,"16:00",6.68323643505573,84.0499243466184,NA
2023-01-23,"17:00",5.11314596515149,85.9231942216866,25.3384483838454
2023-01-23,"18:00",NA,58.5314882686362,29.800799395889
2023-01-23,"19:00",9.0336228790693,60.1804544567131,27.3569228500128
2023-01-23,"20:00",8.20474512176588,93.8274855958298,19.1149901924655
2023-01-23,"21:00",0.71431849617511,91.8761262786575,NA
2023-01-23,"22:00",0.0389634305611253,86.0313521232456,16.2212469568476
2023-01-23,"23:00",NA,64.053168555256,30.4900425579399
2023-01-23,"00:00",8.66560179740191,60.4995448375121,19.0849372791126
2023-01-23,"01:00",5.76245168922469,NA,32.141471891664
2023-01-23,"02:00",NA,76.0876404121518,25.2754363091663
2023-01-23,"03:00",9.59465783787891,60.9915905864909,20.0324269477278
2023-01-23,"04:00",5.91193757019937,88.1553351180628,31.2549889367074
2023-01-23,"05:00",5.31409335788339,51.2259826529771,16.3400511536747
2023-01-23,"06:00",3.83936671540141,85.5742972576991,15.5238695768639
2023-01-23,"07:00",3.19553229492158,92.0443799579516,26.925126244314
2023-01-24,"08:00",8.08386255288497,96.5410536038689,31.9378753285855
2023-01-24,"09:00",0.419194984715432,83.1045823637396,24.047983228229
2023-01-24,"10:00",NA,NA,25.0435462128371
2023-01-24,"11:00",8.56596966972575,60.9116730163805,19.1931921476498
2023-01-24,"12:00",6.97946578497067,93.3909085579216,29.3117238068953
2023-01-24,"13:00",6.84486472979188,51.2285775854252,25.727601069957
2023-01-24,"14:00",3.4801505273208,NA,15.9827885730192
2023-01-24,"15:00",5.54681829409674,76.1966538499109,31.4542976068333
2023-01-24,"16:00",NA,71.7731350916438,20.0499293068424
2023-01-24,"17:00",7.84931556321681,96.5647373232059,25.4289786797017
2023-01-24,"18:00",NA,58.2275197957642,21.5398420067504
2023-01-24,"19:00",2.0409588329494,NA,17.2073768265545
2023-01-24,"20:00",7.70622961455956,NA,32.0346434181556
2023-01-24,"21:00",5.96362960757688,NA,27.4928007367998
2023-01-24,"22:00",9.57669742405415,83.8223623693921,31.9613204756752
2023-01-24,"23:00",1.58688397612423,78.1058077933267,17.5202362285927
2023-01-24,"00:00",5.25974274147302,73.5824221395887,28.3650322537869
2023-01-24,"01:00",8.73151367530227,90.5550084309652,NA
2023-01-24,"02:00",8.69706070283428,98.1194266118109,33.9133271481842
2023-01-24,"03:00",0.236886432394385,75.7704942021519,26.612488576211
2023-01-24,"04:00",9.75889693479985,85.1861384813674,21.0626570601016
2023-01-24,"05:00",4.90224198205397,59.0439755003899,33.6955827474594
2023-01-24,"06:00",NA,67.7483473555185,31.8871872453019
2023-01-24,"07:00",4.17554959887639,52.495139464736,23.4914670977741
2023-01-24,"08:00",0.929258204996586,57.6276851352304,24.7133017051965
2023-01-24,"09:00",1.61809210199863,54.9635859322734,NA
2023-01-24,"10:00",4.05416495166719,64.0074038063176,20.04553636536
2023-01-24,"11:00",NA,69.3725101067685,31.2407992314547
2023-01-24,"12:00",4.15257453219965,81.7079393193126,31.4419081620872
2023-01-24,"13:00",3.04052469087765,85.3531804401428,23.346740831621
2023-01-24,"14:00",5.60280537465587,NA,33.3275189064443
2023-01-24,"15:00",1.55874150572345,98.2591657550074,16.4175134617835
2023-01-24,"16:00",9.5657976414077,84.8227223730646,31.2019216967747
2023-01-24,"17:00",0.439666253514588,NA,24.718089425005
2023-01-24,"18:00",3.72157742734998,68.4531120816246,NA
2023-01-24,"19:00",9.62615341413766,65.1108879595995,NA
2023-01-24,"20:00",6.45427515730262,72.8982883738354,21.3850674172863
2023-01-24,"21:00",0.612626143265516,91.1641373182647,28.0467362748459
2023-01-24,"22:00",NA,61.6269675432704,33.3169661276042
2023-01-24,"23:00",NA,70.1161112636328,26.3815806247294
2023-01-25,"00:00",5.08158084703609,NA,27.757814116776
2023-01-25,"01:00",4.49599910760298,56.2210372998379,23.3213996142149
2023-01-25,"02:00",6.23261383501813,81.5145038301125,30.9322030236945
2023-01-25,"03:00",NA,85.1933502941392,32.2455238830298
2023-01-25,"04:00",9.07946400810033,79.5600142097101,22.3483424400911
2023-01-25,"05:00",5.69443274755031,99.8258135630749,24.7587713925168
2023-01-25,"06:00",5.4828057391569,52.2668050718494,32.9270374402404
2023-01-25,"07:00",NA,99.5036268956028,24.2764569958672
2023-01-25,"08:00",7.62028332334012,87.2653154656291,19.1865599807352
2023-01-25,"09:00",4.78369446704164,71.8374798889272,28.5251259198412
2023-01-25,"10:00",7.8196891467087,NA,29.6825962839648
2023-01-25,"11:00",0.460265486035496,72.4432587740012,NA
2023-01-25,"12:00",8.19844667799771,59.316235629376,19.1382843535393
2023-01-25,"13:00",2.69408447435126,71.3274291250855,34.2154308082536
2023-01-25,"14:00",NA,91.0389933269471,15.1379432994872
2023-01-25,"15:00",NA,NA,33.04333104752
2023-01-25,"16:00",9.48118837783113,66.2691075820476,16.7928572045639
2023-01-25,"17:00",0.0699845445342362,92.1205964754336,31.7418955406174
2023-01-25,"18:00",3.51617672014982,52.0099896471947,26.0841208323836
2023-01-25,"19:00",4.19045724906027,89.5936480606906,NA
2023-01-25,"20:00",4.57876797067001,98.0814218753949,31.2272198591381
2023-01-25,"21:00",7.11692579323426,83.0460243741982,20.2594924997538
2023-01-25,"22:00",9.19848057674244,50.4358709556982,15.7989389263093
2023-01-25,"23:00",NA,73.2894612126984,17.7657472528517
2023-01-25,"00:00",9.02181778335944,85.8306924346834,17.1077966596931
2023-01-25,"01:00",7.57329159183428,51.4091054908931,NA
2023-01-25,"02:00",1.37858365662396,92.274127935525,34.2235991032794
2023-01-25,"03:00",NA,87.3207704513334,NA
2023-01-25,"04:00",1.91312186885625,63.201538217254,21.6436153557152
2023-01-25,"05:00",4.33185140602291,87.2956838109531,28.84601296857
2023-01-25,"06:00",0.872193018440157,83.5791235673241,28.8693283172324
2023-01-25,"07:00",2.23780001047999,58.6026366683654,20.7221317663789
2023-01-25,"08:00",5.72148679522797,83.4858234156854,NA
2023-01-25,"09:00",4.00169178377837,96.5177015750669,NA
2023-01-25,"10:00",5.65465380670503,92.5487379194237,22.6525832153857
2023-01-25,"11:00",8.29623878700659,89.0536617604084,33.1363303260878
2023-01-25,"12:00",6.4211381948553,NA,NA
2023-01-25,"13:00",3.91498751705512,79.5684556011111,27.1481474256143
2023-01-25,"14:00",7.09579854737967,70.1636608457193,NA
2023-01-25,"15:00",NA,56.4174056285992,25.0882140640169
2023-01-26,"16:00",2.73622734239325,91.008223220706,23.4730341890827
2023-01-26,"17:00",5.93866932671517,85.8360236161388,19.3506940361112
2023-01-26,"18:00",1.60184813430533,89.4162426237017,21.385004366748
2023-01-26,"19:00",8.53430238785222,50.9158000582829,19.8324025515467
2023-01-26,"20:00",8.47739157732576,58.7245070491917,NA
2023-01-26,"21:00",4.77886812528595,79.9324484192766,19.4763432210311
2023-01-26,"22:00",NA,54.0319411433302,34.383292440325
2023-01-26,"23:00",2.95400080503896,85.3657970903441,NA
2023-01-26,"00:00",0.656281118281186,78.1834387104027,34.2661425704136
2023-01-26,"01:00",NA,64.1403954592533,NA
2023-01-26,"02:00",NA,69.6028382866643,17.7086107805371
2023-01-26,"03:00",3.40934370178729,83.6364083923399,26.2518405308947
2023-01-26,"04:00",1.85140318702906,58.1089833634906,23.6649868218228
2023-01-26,"05:00",5.06997726857662,55.4250951739959,32.2578825289384
2023-01-26,"06:00",0.19191030645743,76.6722114989534,33.3095388906077
2023-01-26,"07:00",7.73686039494351,55.1599550177343,27.3661786271259
2023-01-26,"08:00",5.5966507922858,NA,31.8186126230285
2023-01-26,"09:00",NA,NA,20.7651023659855
2023-01-26,"10:00",4.68432118650526,78.2021218561567,NA
2023-01-26,"11:00",2.79223810648546,65.276825975161,17.8220648644492
2023-01-26,"12:00",4.61216570343822,63.3004515664652,17.838337267749
2023-01-26,"13:00",NA,81.6250394796953,26.5913515817374
2023-01-26,"14:00",5.85565576329827,91.5378916775808,34.9004153627902
2023-01-26,"15:00",3.94758985843509,52.5677807629108,25.6695970473811
2023-01-26,"16:00",NA,NA,17.5702115008608
2023-01-26,"17:00",3.18563093896955,51.1043596430682,18.542388100177
2023-01-26,"18:00",5.81447338219732,58.991944452282,30.4910054663196
2023-01-26,"19:00",4.55488957930356,66.4346037432551,28.0102220457047
2023-01-26,"20:00",2.68803449813277,92.7447858382948,26.1234807875007
2023-01-26,"21:00",NA,59.2180156614631,29.9101430550218
2023-01-26,"22:00",2.31230884324759,89.7678351262584,NA
2023-01-26,"23:00",NA,92.9426069138572,22.8248045872897
2023-01-26,"00:00",4.47570141172037,73.6009766929783,22.0437912363559
2023-01-26,"01:00",1.30288136890158,82.4101419653744,NA
2023-01-26,"02:00",6.2172598275356,66.2520842277445,18.2149186031893
2023-01-26,"03:00",5.47994283260778,73.306872905232,19.9287106469274
2023-01-26,"04:00",1.49244213709608,97.120364184957,33.9533784240484
2023-01-26,"05:00",5.59545869240537,62.2732149320655,34.7668324969709
2023-01-26,"06:00",4.2688557645306,51.1228529619984,25.7132595777512
2023-01-26,"07:00",4.47730098385364,98.3535915263928,NA
2023-01-27,"08:00",8.33294771611691,NA,27.0453290920705
2023-01-27,"09:00",NA,NA,NA
2023-01-27,"10:00",4.56886755535379,NA,NA
2023-01-27,"11:00",NA,98.4623049502261,25.5294688837603
2023-01-27,"12:00",2.4245707760565,95.9269661922008,NA
2023-01-27,"13:00",0.758608346804976,93.4076268109493,16.6012357035652
2023-01-27,"14:00",3.91295091249049,71.2189487414435,17.5678563257679
2023-01-27,"15:00",0.131082159932703,89.0515987994149,22.3175077931955
2023-01-27,"16:00",8.67499468615279,64.9952946347184,27.0029299100861
2023-01-27,"17:00",9.92615673691034,64.4726394210011,NA
2023-01-27,"18:00",7.088553882204,99.9636916560121,15.3629210870713
2023-01-27,"19:00",NA,99.351860396564,21.1974585941061
2023-01-27,"20:00",NA,74.0023170597851,16.5602531982586
2023-01-27,"21:00",5.3941073268652,88.113753311336,20.0182484695688
2023-01-27,"22:00",5.55313591845334,NA,17.8174987901002
2023-01-27,"23:00",2.76439883746207,61.8119423626922,22.4022949626669
2023-01-27,"00:00",6.59197925822809,80.8930015191436,17.8073090827093
2023-01-27,"01:00",NA,67.02246327186,26.3599333213642
2023-01-27,"02:00",2.88266204763204,52.91955138091,25.8536081388593
2023-01-27,"03:00",NA,99.0972911124118,18.2738616550341
2023-01-27,"04:00",7.27533633122221,84.4020060845651,33.900654851459
2023-01-27,"05:00",1.73043038696051,93.1091110454872,NA
2023-01-27,"06:00",3.06311258813366,73.0847741826437,16.2969034304842
2023-01-27,"07:00",3.69907276704907,56.3013599254191,18.6183655215427
2023-01-27,"08:00",0.777215543203056,84.0147722628899,28.3547627087682
2023-01-27,"09:00",NA,50.9974392596632,33.1345375394449
2023-01-27,"10:00",5.50922729074955,58.1479319836944,31.3163743261248
2023-01-27,"11:00",1.35865396354347,94.7907917550765,23.8494887948036
2023-01-27,"12:00",9.74163694074377,57.6578872278333,18.2240282883868
2023-01-27,"13:00",5.61963158892468,62.9320796811953,18.3154603326693
2023-01-27,"14:00",7.88409381639212,62.2012340114452,24.5789173990488
2023-01-27,"15:00",8.48914084257558,65.5932453693822,22.9172536265105
2023-01-27,"16:00",NA,61.0623344779015,30.8983931923285
2023-01-27,"17:00",NA,51.5273421420716,30.3967418754473
2023-01-27,"18:00",6.40148486476392,95.15183045296,22.9832990653813
2023-01-27,"19:00",6.28927760757506,97.9698732146062,27.6039358973503
2023-01-27,"20:00",2.71409004693851,97.1424330724403,23.2533822907135
2023-01-27,"21:00",NA,72.6650019991212,22.3078150115907
2023-01-27,"22:00",4.1986421495676,71.8832501210272,27.417097655125
2023-01-27,"23:00",NA,52.5083073880523,34.1191606456414
2023-01-28,"00:00",3.92331253970042,67.9910634178668,24.5214507961646
2023-01-28,"01:00",1.71936832368374,94.8322032345459,27.4092754162848
2023-01-28,"02:00",3.19642119342461,68.5531583614647,20.7844817405567
2023-01-28,"03:00",4.13555064238608,75.1642505638301,23.1513544451445
2023-01-28,"04:00",NA,76.3799653039314,23.8975437218323
2023-01-28,"05:00",NA,58.5135032539256,20.6706737959757
2023-01-28,"06:00",1.15582457045093,76.9299388397485,34.4027791032568
2023-01-28,"07:00",0.293366149999201,NA,32.6519767846912
2023-01-28,"08:00",8.06855297880247,80.705251719337,NA
2023-01-28,"09:00",4.80126436566934,77.2488213493489,29.1645290795714
2023-01-28,"10:00",8.06247940286994,NA,18.6040320573375
2023-01-28,"11:00",0.790056816767901,95.0754326302558,16.2795141944662
2023-01-28,"12:00",1.15337409544736,59.9263218347915,17.1316202171147
2023-01-28,"13:00",1.2941628950648,NA,31.9636863656342
2023-01-28,"14:00",7.38748542033136,94.2180929007009,22.1886041713879
2023-01-28,"15:00",NA,61.9100423296914,30.7000119006261
2023-01-28,"16:00",9.92455308558419,64.5815299125388,33.160776887089
2023-01-28,"17:00",6.24552987283096,93.8197634764947,27.6684943586588
2023-01-28,"18:00",NA,80.9536237502471,27.3023257683963
2023-01-28,"19:00",NA,92.8649376844987,16.3507980806753
2023-01-28,"20:00",8.00917848711833,73.8642166252248,19.8298776475713
2023-01-28,"21:00",7.27762710303068,94.7115479968488,23.2155640562996
2023-01-28,"22:00",NA,NA,31.2235002405941
2023-01-28,"23:00",NA,81.0535068856552,22.5828245189041
2023-01-28,"00:00",8.66653708275408,86.1380264861509,23.9390046102926
2023-01-28,"01:00",5.2940575638786,59.5108081703074,NA
2023-01-28,"02:00",5.98638546885923,NA,17.6242473861203
2023-01-28,"03:00",9.37632332323119,83.5765663767233,15.2603673702106
2023-01-28,"04:00",9.50724098365754,95.9605449344963,28.5533945495263
2023-01-28,"05:00",6.60532301291823,66.2779848906212,NA
2023-01-28,"06:00",0.722865809220821,NA,33.7252696231008
2023-01-28,"07:00",8.26331578660756,50.2495589316823,16.1690122773871
2023-01-28,"08:00",4.7954407799989,68.5058070695959,NA
2023-01-28,"09:00",NA,81.881071231328,NA
2023-01-28,"10:00",NA,80.4803505074233,26.5225808788091
2023-01-28,"11:00",NA,90.9146084566601,17.7762835565954
2023-01-28,"12:00",4.21810131752864,55.8945898315869,20.1166770653799
2023-01-28,"13:00",NA,83.1678835558705,21.2612176826224
2023-01-28,"14:00",2.64485116582364,NA,29.3023561360314
2023-01-28,"15:00",5.68568754009902,79.3429770739749,18.7735905777663
2023-01-29,"16:00",NA,84.7534989356063,17.8436257969588
2023-01-29,"17:00",1.92805626895279,76.4144073938951,26.4822323294356
2023-01-29,"18:00",7.18611745163798,68.4760755044408,NA
2023-01-29,"19:00",3.13517895527184,84.9236202775501,23.7001530313864
2023-01-29,"20:00",1.38390127336606,73.685222864151,24.6542032295838
2023-01-29,"21:00",0.580306977499276,61.5403924020939,24.2963380133733
2023-01-29,"22:00",9.31099641136825,72.7067348314449,24.7240387415513
2023-01-29,"23:00",5.68338012089953,53.9595959591679,29.7516976995394
2023-01-29,"00:00",NA,62.8840286866762,34.8197262361646
2023-01-29,"01:00",5.64794481499121,77.7040250366554,31.8081671744585
2023-01-29,"02:00",5.40256182895973,51.0879896581173,17.2385264420882
2023-01-29,"03:00",8.19682518485934,60.5551031883806,NA
2023-01-29,"04:00",7.0297950389795,81.8196696112864,26.3570257555693
2023-01-29,"05:00",5.67748373607174,85.8486885554157,28.6655783979222
2023-01-29,"06:00",7.21309266285971,88.8431202736683,30.7921095751226
2023-01-29,"07:00",7.52444213489071,53.6604282679036,23.0505106644705
2023-01-29,"08:00",3.81422596750781,54.937418573536,32.0655437884852
2023-01-29,"09:00",2.8801028127782,97.319778020028,18.7921106489375
2023-01-29,"10:00",5.31683327164501,96.5441703912802,24.9144326616079
2023-01-29,"11:00",2.59646071353927,96.072577079758,17.400886984542
2023-01-29,"12:00",8.3179031778127,82.4969324166887,19.5732661243528
2023-01-29,"13:00",4.05363884754479,57.8175183036365,33.1099579297006
2023-01-29,"14:00",0.726319255772978,95.507183438167,24.4754974637181
2023-01-29,"15:00",9.53758624615148,96.1030943901278,25.8095355844125
2023-01-29,"16:00",NA,58.4620306966826,34.4759063795209
2023-01-29,"17:00",4.05625266721472,53.6683657788672,34.4485804298893
2023-01-29,"18:00",6.2566831544973,78.3114465535618,28.7071893922985
2023-01-29,"19:00",6.28404803806916,NA,30.5991830630228
2023-01-29,"20:00",3.28238664194942,73.0083309463225,15.4090643487871
2023-01-29,"21:00",1.38909491943195,NA,29.5693148113787
2023-01-29,"22:00",9.1465717041865,88.945355406031,33.4539689170197
2023-01-29,"23:00",5.99115967284888,91.1833188147284,23.809155956842
2023-01-29,"00:00",NA,64.1177526093088,29.111495623365
2023-01-29,"01:00",9.18954745167866,86.4989157067612,31.3344958191738
2023-01-29,"02:00",5.28765395982191,74.7985842986964,24.7321862680838
2023-01-29,"03:00",3.71978746028617,53.3134150551632,31.8599883513525
2023-01-29,"04:00",0.658083211164922,51.8823915277608,24.85747652594
2023-01-29,"05:00",8.54369923705235,61.8792537017725,15.3533843671903
2023-01-29,"06:00",5.10411301394925,60.9198055113666,23.8093051593751
2023-01-29,"07:00",2.0999805862084,71.1193137452938,NA
2023-01-30,"08:00",3.75843436690047,77.4875816539861,27.0248114783317
2023-01-30,"09:00",NA,85.6868802336976,23.8649344677106
2023-01-30,"10:00",4.59240817232057,61.9997054338455,NA
2023-01-30,"11:00",2.41502250079066,94.7841006563976,28.4597843280062
2023-01-30,"12:00",1.18690322386101,74.1311894031242,27.1822852827609
2023-01-30,"13:00",0.724691497161984,63.1423500948586,34.4735708227381
2023-01-30,"14:00",6.90989849856123,65.9959380165674,18.5166942467913
2023-01-30,"15:00",2.86957619246095,83.215098711662,34.4645294966176
2023-01-30,"16:00",1.49412495549768,NA,26.5863427752629
2023-01-30,"17:00",9.72432009177282,78.5717975464649,29.7625052090734
2023-01-30,"18:00",4.10514390328899,93.9347538165748,NA
2023-01-30,"19:00",4.01813854230568,NA,NA
2023-01-30,"20:00",6.48556348634884,60.2697894792072,28.89392235782
2023-01-30,"21:00",9.16305739665404,73.5410208581015,34.9181087641045
2023-01-30,"22:00",2.16662138933316,68.9703887677751,31.9874679995701
2023-01-30,"23:00",5.47998871887103,62.3782481183298,30.3164447657764
2023-01-30,"00:00",7.20050457865,96.2516262894496,17.7533064642921
2023-01-30,"01:00",3.97246005246416,73.3087353291921,NA
2023-01-30,"02:00",0.940013926010579,50.6970841670409,25.4369645379484
2023-01-30,"03:00",NA,97.1612369059585,NA
2023-01-30,"04:00",0.0247881026007235,68.7272827723064,29.6293035615236
2023-01-30,"05:00",2.10523239802569,50.4020767752081,24.8917395761237
2023-01-30,"06:00",6.79022809490561,99.0262251696549,17.8551830677316
2023-01-30,"07:00",8.66189130349085,68.8770027947612,31.8243393814191
2023-01-30,"08:00",7.9969711555168,99.2933777393773,33.8260791869834
2023-01-30,"09:00",1.34996398352087,56.9808195345104,20.5593495396897
2023-01-30,"10:00",3.87498257681727,78.1109051546082,18.0075857555494
2023-01-30,"11:00",7.88471929030493,89.7180097177625,29.1334688523784
2023-01-30,"12:00",6.92913666600361,59.6950684324838,26.3067718874663
2023-01-30,"13:00",NA,85.534925153479,16.8100488185883
2023-01-30,"14:00",1.23857651371509,78.2854010001756,26.2068081414327
2023-01-30,"15:00",5.5507810274139,50.5057866568677,27.3052012640983
2023-01-30,"16:00",4.49411387788132,62.8475433913991,25.9683987125754
2023-01-30,"17:00",7.66166528686881,73.5490741441026,22.8698189742863
2023-01-30,"18:00",0.260977216530591,96.343137358781,23.3333630114794
2023-01-30,"19:00",1.95171431871131,99.7645989409648,33.0982184316963
2023-01-30,"20:00",8.81234564818442,NA,28.4724396839738
2023-01-30,"21:00",1.09801593469456,77.2593454108573,34.095804640092
2023-01-30,"22:00",NA,82.2696436196566,18.0246369354427
2023-01-30,"23:00",3.85198592906818,95.055399031844,26.1948327627033
